{
    "commands": {
        "gparam": "",
        "invite": {}
    },
    "settings": {
        "allowban": true,
        "ant": false,
        "antimode": false,
        "atjoin": true,
        "blj": {},
        "cancel": {},
        "cname": {
            "u0e26aa062b3c9900ac0dcf2507cad70e": "7"
        },
        "dname": {
            "u6ef79c6adbf48a3cc22b048b2f2ab2b1": "kon"
        },
        "kick": {},
        "linkprotect": {},
        "lock": true,
        "mode1": false,
        "mute": false,
        "namelock": {
            "ce329c1149db20714e5fb28b5316645e5": {
                "nama": "TES bot",
                "on": 1
            }
        },
        "nuke": false,
        "protect": {},
        "purge": true,
        "reb": "ca6f6e70fba5009045168299cf186f1d1",
        "rname": "abi",
        "sname": "p",
        "spam": {},
        "squad": "ghost",
        "war": true
    },
    "status": {
        "aadmin": false,
        "abl": false,
        "abot": false,
        "admin": [],
        "anti": [],
        "aowner": false,
        "astaff": false,
        "backup": {
            "all": []
        },
        "ban": false,
        "blacklist": [],
        "bot": [],
        "cvp": false,
        "duedate": "2020-11-26 04:24:27.853895",
        "expel": false,
        "gaccess": {
            "c085fcf945831028f3015224ecabd67cc": {
                "gadmin": [],
                "gowner": []
            },
            "c152a8d8e8adc75862c5f8bd32d5196c2": {
                "gadmin": [],
                "gowner": []
            },
            "c2a741ef9234565b812c4c0b63dde30f4": {
                "gadmin": [],
                "gowner": []
            },
            "c31e0ea256bd46cc1db16727a1940556f": {
                "gadmin": [],
                "gowner": []
            },
            "c3d7dc17fafb385ab29a8d2bf3e7eec7b": {
                "gadmin": [],
                "gowner": []
            },
            "c48c0421bea76d2cebb7125a6371f7167": {
                "gadmin": [],
                "gowner": []
            },
            "c5ce5fbe00663865c2596505bbfcb214e": {
                "gadmin": [],
                "gowner": []
            },
            "c744346bf1cc4e301474cd196aeebbfbd": {
                "gadmin": [],
                "gowner": []
            },
            "c7931cdcc6285aa6df676b3ccaace1c5b": {
                "gadmin": [],
                "gowner": []
            },
            "c812e18349e96f11ea992d4a6461d121f": {
                "gadmin": [],
                "gowner": []
            },
            "c94f40e680c103175ecb85a66bd1608d1": {
                "gadmin": [],
                "gowner": []
            },
            "c9c8abc2b48db310a53614965ebc032ff": {
                "gadmin": [],
                "gowner": []
            },
            "cac5fd8e73791a352d414e3c2c2cc5aaa": {
                "gadmin": [],
                "gowner": []
            },
            "cb2963b552fd12a2bd97d5200688796d6": {
                "gadmin": [],
                "gowner": []
            },
            "cd45f60fa934f6ee5bcd07697ab632657": {
                "gadmin": [],
                "gowner": []
            },
            "cd4e3ce76a66b06fe7c1f530de2bf5a85": {
                "gadmin": [],
                "gowner": []
            }
        },
        "gpic": {
            "pic": "",
            "vid": ""
        },
        "invite": false,
        "owner": [],
        "picture": false,
        "repeat": false,
        "squad": [],
        "staff": [],
        "start": 1572063867.853884,
        "unban": false,
        "wordban": []
    }
}